Workbook

Sheet Cover
B2: SCOPE 1 GHG EMISSIONS CALCULATION WORKBOOK
B3: Anheuser-Busch Baldwinsville Brewery | Reporting Year 2023
B6: Facility Name | C6: Anheuser-Busch Baldwinsville Brewery
B7: Facility Address | C7: 4797 River Road, Baldwinsville, NY 13027
B8: Operator | C8: Anheuser-Busch LLC
B9: Reporting Year | C9: 2023 (January 1 – December 31)
B10: Regulatory Basis | C10: NY Part 253 – Mandatory GHG Reporting Program
B11: Calculation Standard | C11: 40 CFR Part 98 Subpart C (incorporated by NY Part 253 §2.7)
B12: Scope | C12: Scope 1 – Stationary Combustion
B13: Facility Account No. | C13: ACC-2023-BWV-001
B14: Service Address | C14: 4797 River Road, Baldwinsville, NY 13027
B15: Prepared By | C15: [Preparer Name]
B16: Preparation Date | C16: [Date]
B17: Version | C17: v1.0 – DEMO
B20: WORKBOOK CONTENTS
B21: Cover | C21: Facility identity and workbook index
B22: Equipment Inventory | C22: All combustion units, capacities, fuel types, assigned calc methods
B23: Natural Gas | C23: Monthly usage Jan–Dec 2023: heat input, CO2/CH4/N2O, CO2e
B24: Biogas | C24: Onsite wastewater biogas meter logs and calculation inputs
B25: Biomass Boiler | C25: BLR-003 monthly fuel records – NG + solid biomass months
B26: Propane & Diesel | C26: DRY-001 propane dryer and GEN-001 diesel generator annual records
B27: Emissions Summary | C27: CO2e roll-up by source, GWP conversion, upstream §2.18 section
B30: Methodology Statement
B31: GHG emissions calculated in accordance with 40 CFR Part 98 Subpart C, General Stationary Fuel Combustion Sources, U.S. Environmental Protection Agency." No reference to 6 NYCRR Part 253, no reference to the New York State Department of Environmental Conservation, no reference to any NY-specific requirements or overrides.

Sheet Equipment Inventory
A1: EQUIPMENT INVENTORY — Combustion Units in Scope | Reporting Year 2023
A2: Unit ID | B2: Unit Description | C2: Fuel Type | D2: Max Rated Heat Input (MMBtu/hr) | E2: Annual Heat Input (MMBtu) [Clean-year basisfor BLR-001/002] | F2: Calc Method (CO2) | G2: NY Part 253 Source Category | H2: Notes | I2: Notes / Gap Flag
A3: BLR-001 | B3: Natural Gas Steam Boiler #1 | C3: Natural Gas (pipeline) | D3: 25 | E3: 182000 | F3: Tier 1 (billing MMBtu) | G3: 253-2.7 | H3: Pilot lights excluded per 40 CFR §98.30(d) — not required to report GHG emissions from pilot lights.
A4: BLR-002 | B4: Natural Gas Steam Boiler #2 | C4: Natural Gas (pipeline) | D4: 20 | E4: 121300 | F4: Tier 1 (billing MMBtu) | G4: 253-2.7 | H4: Pilot lights excluded per 40 CFR §98.30(d) — not required to report GHG emissions from pilot lights.
A5: BLR-003 | B5: Steam Boiler #3 — Multi-Fuel | C5: Natural Gas / Solid Biomass Residue | D5: 18 | E5: ='Biomass Boiler'!F15 -> 109048.6 | F5: Tier 1 (NG) / Tier 3 req. (biomass) | G5: 253-2.7 | H5: Pilot lights excluded per 40 CFR §98.30(d) — not required to report GHG emissions from pilot lights
A6: DRY-001 | B6: Propane Malt/Grain Dryer | C6: Propane (LPG) | D6: 300 | E6: ='Propane & Diesel'!E4 -> 9807.2 | F6: Tier 1 | G6: 253-2.7 | H6: Pilot lights excluded per 40 CFR §98.30(d) — not required to report GHG emissions from pilot lights.
A7: GEN-001 | B7: Diesel Emergency Generator #1 | C7: Diesel (No. 2 Distillate) | D7: 2.5 | E7: ='Propane & Diesel'!E12 -> 388.36 | F7: Tier 1 | G7: 253-2.7
A8: BIO-001 | B8: Onsite Wastewater Biogas Combustor | C8: Biogas (non-pipeline) | D8: 15 | E8: =Biogas!G14 -> 0.0044318267 | F8: Tier 3 (required) | G8: 253-2.7
A9: RFO-001 | B9: Residual Fuel Oil Boiler (Backup) | C9: Residual Fuel Oil No. 6 | D9: 60 | E9: 3423 | F9: Tier 2 | G9: 253-2.7

Sheet Natural Gas
A1: NATURAL GAS (BLR-001 + BLR-002) — Monthly Combustion | Account: ACC-2023-BWV-001 | 2023
A2: Month | B2: Bill Period Start | C2: Bill Period End | D2: Usage (MMBtu) | E2: HHV (MMBtu/scf) | F2: CO2 EF (kg/MMBtu) | G2: CH4 EF (kg/MMBtu) | H2: N2O EF (kg/MMBtu) | I2: CO2 (metric tons) | J2: CH4 (metric tons) | K2: N2O (metric tons) | L2: CO2e (metric tons) ⚠ GWP-100 APPLIED (NY req. GWP-20) | M2: Biogenic CO2 (metric tons) | N2: Notes / Gap Flag
A3: January | B3: 2023-01-01 | C3: 2023-01-31 | D3: 32400 | E3: 0.01026 | F3: 53.06 | G3: 0.001 | H3: 0.0001 | I3: =D3*F3/1000 -> 1719.144 | J3: =D3*G3/1000 -> 0.0324 | K3: =D3*H3/1000 -> 0.00324 | L3: =I3+J3*28+K3*265 -> 1720.9098 | M3: 0
A4: February | B4: 2023-02-01 | C4: 2023-02-28 | D4: 31000 | E4: 0.01026 | F4: 53.06 | G4: 0.001 | H4: 0.0001 | I4: =D4*F4/1000 -> 1644.86 | J4: =D4*G4/1000 -> 0.031 | K4: =D4*H4/1000 -> 0.0031 | L4: =I4+J4*28+K4*265 -> 1646.5495 | M4: 0
A5: March | B5: 2023-03-01 | C5: 2023-03-31 | D5: 29500 | E5: 0.01026 | F5: 53.06 | G5: 0.001 | H5: 0.0001 | I5: =D5*F5/1000 -> 1565.27 | J5: =D5*G5/1000 -> 0.0295 | K5: =D5*H5/1000 -> 0.00295 | L5: =I5+J5*28+K5*265 -> 1566.8778 | M5: 0
A6: April | B6: 2023-04-01 | C6: 2023-04-30 | D6: 25300 | E6: 0.01026 | F6: 53.06 | G6: 0.001 | H6: 0.0001 | I6: =D6*F6/1000 -> 1342.418 | J6: =D6*G6/1000 -> 0.0253 | K6: =D6*H6/1000 -> 0.00253 | L6: =I6+J6*28+K6*265 -> 1343.7968 | M6: 0
A7: May | B7: 2023-05-01 | C7: 2023-05-31 | D7: 21100 | E7: 0.01026 | F7: 53.06 | G7: 0.001 | H7: 0.0001 | I7: =D7*F7/1000 -> 1119.566 | J7: =D7*G7/1000 -> 0.0211 | K7: =D7*H7/1000 -> 0.00211 | L7: =I7+J7*28+K7*265 -> 1120.716 | M7: 0
A8: June | B8: 2023-06-01 | C8: 2023-06-30 | D8: 18300 | E8: 0.01026 | F8: 53.06 | G8: 0.001 | H8: 0.0001 | I8: =D8*F8/1000 -> 970.998 | J8: =D8*G8/1000 -> 0.0183 | K8: =D8*H8/1000 -> 0.00183 | L8: =I8+J8*28+K8*265 -> 971.99535 | M8: 0
A9: July | B9: 2023-07-01 | C9: 2023-07-31 | D9: 16900 | E9: 0.01026 | F9: 53.06 | G9: 0.001 | H9: 0.0001 | I9: =D9*F9/1000 -> 896.714 | J9: =D9*G9/1000 -> 0.0169 | K9: =D9*H9/1000 -> 0.00169 | L9: =I9+J9*28+K9*265 -> 897.63505 | M9: 0
A10: August | B10: 2023-08-01 | C10: 2023-08-31 | D10: 18300 | E10: 0.01026 | F10: 53.06 | G10: 0.001 | H10: 0.0001 | I10: =D10*F10/1000 -> 970.998 | J10: =D10*G10/1000 -> 0.0183 | K10: =D10*H10/1000 -> 0.00183 | L10: =I10+J10*28+K10*265 -> 971.99535 | M10: 0
A11: September | B11: 2023-09-01 | C11: 2023-09-30 | D11: 19700 | E11: 0.01026 | F11: 53.06 | G11: 0.001 | H11: 0.0001 | I11: =D11*F11/1000 -> 1045.282 | J11: =D11*G11/1000 -> 0.0197 | K11: =D11*H11/1000 -> 0.00197 | L11: =I11+J11*28+K11*265 -> 1046.3556 | M11: 0
A12: October | B12: 2023-10-01 | C12: 2023-10-31 | D12: 281000 | E12: 0.01026 | F12: 53.06 | G12: 0.001 | H12: 0.0001 | I12: =D12*F12/1000 -> 14909.86 | J12: =D12*G12/1000 -> 0.281 | K12: =D12*H12/1000 -> 0.0281 | L12: =I12+J12*28+K12*265 -> 14925.175 | M12: 0
A13: November | B13: 2023-11-01 | C13: 2023-11-30 | D13: 31000 | E13: 0.01026 | F13: 53.06 | G13: 0.001 | H13: 0.0001 | I13: =D13*F13/1000 -> 1644.86 | J13: =D13*G13/1000 -> 0.031 | K13: =D13*H13/1000 -> 0.0031 | L13: =I13+J13*28+K13*265 -> 1646.5495 | M13: 0
A14: December | B14: 2023-12-01 | C14: 2023-12-31 | D14: =AVERAGE('Natural Gas'!D3,'Natural Gas'!D13) -> 31700 | E14: 0.01026 | F14: 53.06 | G14: 0.001 | H14: 0.0001 | I14: =D14*F14/1000 -> 1682.002 | J14: =D14*G14/1000 -> 0.0317 | K14: =D14*H14/1000 -> 0.00317 | L14: =I14+J14*28+K14*265 -> 1683.7296 | M14: 0
A15: ANNUAL TOTALS | D15: =SUM(D3:D14) -> 556200 | I15: =SUM(I3:I14) -> 29511.972 | J15: =SUM(J3:J14) -> 0.5562 | K15: =SUM(K3:K14) -> 0.05562 | L15: =SUM(L3:L14) -> 29542.285 | M15: =SUM(M3:M14) -> 0

Sheet Biogas
A1: BIOGAS — Unit BIO-001 (Onsite Wastewater) | Meter Logs & Calculation Inputs | 2023
A2: Month | B2: Meter Read Start (scf) | C2: Meter Read End (scf) | D2: Volume Consumed (scf) | E2: HHV (MMBtu/scf) | F2: Carbon Content (kg C/MMBtu) | G2: CO2 (metric tons)
A3: January | B3: 1000000 | C3: 1082000 | D3: =C3-B3 -> 82000 | E3: 0.00055 | F3: 0.0268 | G3: =D3*E3*F3*(44/12)*0.001 -> 0.0044318267
A4: February | B4: 1082000 | C4: 1157000 | D4: =C4-B4 -> 75000 | E4: 0.00055 | F4: 0.0268 | G4: =D4*E4*F4*(44/12)*0.001 -> 0.0040535
A5: March | B5: 1157000 | C5: 1240000 | D5: =C5-B5 -> 83000 | E5: 0.00055 | F5: 0.0268 | G5: =D5*E5*F5*(44/12)*0.001 -> 0.0044858733
A6: April | B6: 1240000 | C6: 1320000 | D6: =C6-B6 -> 80000 | E6: 0.00055 | F6: 0.0268 | G6: =D6*E6*F6*(44/12)*0.001 -> 0.0043237333
A7: May | B7: 1320000 | C7: 1400000 | D7: =C7-B7 -> 80000 | E7: 0.00055 | F7: 0.0268 | G7: =D7*E7*F7*(44/12)*0.001 -> 0.0043237333
A8: June | B8: 1400000 | C8: 1483000 | D8: =C8-B8 -> 83000 | E8: 0.00055 | F8: 0.0268 | G8: =D8*E8*F8*(44/12)*0.001 -> 0.0044858733
A9: July | B9: 1483000 | C9: 1568000 | D9: =C9-B9 -> 85000 | E9: 0.00055 | F9: 0.0268 | G9: =D9*E9*F9*(44/12)*0.001 -> 0.0045939667
A10: August | B10: 1568000 | C10: 1655000 | D10: =C10-B10 -> 87000 | E10: 0.00055 | F10: 0.0268 | G10: =D10*E10*F10*(44/12)*0.001 -> 0.00470206
A11: September | B11: 1655000 | C11: 1740000 | D11: =C11-B11 -> 85000 | E11: 0.00055 | F11: 0.0268 | G11: =D11*E11*F11*(44/12)*0.001 -> 0.0045939667
A12: October | B12: 1740000 | C12: 1825000 | D12: =C12-B12 -> 85000 | E12: 0.00055 | F12: 0.0268 | G12: =D12*E12*F12*(44/12)*0.001 -> 0.0045939667
A13: November | B13: 1825000 | C13: 1908000 | D13: =C13-B13 -> 83000 | E13: 0.00055 | F13: 0.0268 | G13: =D13*E13*F13*(44/12)*0.001 -> 0.0044858733
A14: December | B14: 1908000 | C14: 1990000 | D14: =C14-B14 -> 82000 | E14: 0.00055 | F14: 0.0268 | G14: =D14*E14*F14*(44/12)*0.001 -> 0.0044318267
A15: ANNUAL TOTAL VOLUME (scf) | D15: =SUM(D3:D14) -> 990000 | G15: =SUM(G3:G14) -> 0.0535062

Sheet Biomass Boiler
A1: STEAM BOILER BLR-003 — Monthly Fuel Records | Reporting Year 2023
A2: Month | B2: Fuel Type (Actual) | C2: Quantity | D2: Unit | E2: HHV (MMBtu/unit) | F2: Heat Input (MMBtu) | G2: CO2 EF Applied (kg CO2/MMBtu) | H2: CO2 (metric tons) | I2: Correct Method Required | J2: Notes / Gap Flag
A3: January | B3: Natural Gas | C3: 12000 | D3: Mcf | E3: 1.022 | F3: =C3*E3 -> 12264 | G3: 53.06 | H3: =F3*G3/1000 -> 650.72784 | I3: Tier 1 — correct for pipeline NG
A4: February | B4: Natural Gas | C4: 11500 | D4: Mcf | E4: 1.022 | F4: =C4*E4 -> 11753 | G4: 53.06 | H4: =F4*G4/1000 -> 623.61418 | I4: Tier 1 — correct for pipeline NG
A5: March | B5: Natural Gas | C5: 11000 | D5: Mcf | E5: 1.022 | F5: =C5*E5 -> 11242 | G5: 53.06 | H5: =F5*G5/1000 -> 596.50052 | I5: Tier 1 — correct for pipeline NG
A6: April | B6: Natural Gas | C6: 9400 | D6: Mcf | E6: 1.022 | F6: =C6*E6 -> 9606.8 | G6: 53.06 | H6: =F6*G6/1000 -> 509.73681 | I6: Tier 1 — correct for pipeline NG
A7: May | B7: Natural Gas | C7: 7800 | D7: Mcf | E7: 1.022 | F7: =C7*E7 -> 7971.6 | G7: 53.06 | H7: =F7*G7/1000 -> 422.9731 | I7: Tier 1 — correct for pipeline NG
A8: June | B8: Natural Gas | C8: 6800 | D8: Mcf | E8: 1.022 | F8: =C8*E8 -> 6949.6 | G8: 53.06 | H8: =F8*G8/1000 -> 368.74578 | I8: Tier 1 — correct for pipeline NG
A9: July | B9: Natural Gas | C9: 6300 | D9: Mcf | E9: 1.022 | F9: =C9*E9 -> 6438.6 | G9: 53.06 | H9: =F9*G9/1000 -> 341.63212 | I9: Tier 1 — correct for pipeline NG
A10: August | B10: Solid Biomass Residue | C10: 460 | D10: short tons | E10: 8.5 | F10: =C10*E10 -> 3910 | G10: 53.06 | H10: =F10*G10/1000 -> 207.4646 | I10: Tier 3/4 required (site-specific carbon content)
A11: September | B11: Solid Biomass Residue | C11: 490 | D11: short tons | E11: 8.5 | F11: =C11*E11 -> 4165 | G11: 53.06 | H11: =F11*G11/1000 -> 220.9949 | I11: Tier 3/4 required (site-specific carbon content)
A12: October | B12: Natural Gas | C12: 10500 | D12: Mcf | E12: 1.022 | F12: =C12*E12 -> 10731 | G12: 53.06 | H12: =F12*G12/1000 -> 569.38686 | I12: Tier 1 — correct for pipeline NG
A13: November | B13: Natural Gas | C13: 11500 | D13: Mcf | E13: 1.022 | F13: =C13*E13 -> 11753 | G13: 53.06 | H13: =F13*G13/1000 -> 623.61418 | I13: Tier 1 — correct for pipeline NG
A14: December | B14: Natural Gas | C14: 12000 | D14: Mcf | E14: 1.022 | F14: =C14*E14 -> 12264 | G14: 53.06 | H14: =F14*G14/1000 -> 650.72784 | I14: Tier 1 — correct for pipeline NG
A15: ANNUAL TOTALS | F15: =SUM(F3:F14) -> 109048.6 | H15: =SUM(H3:H14) -> 5786.1187

Sheet Propane & Diesel
A1: PROPANE & DIESEL — Annual Fuel Records | Reporting Year 2023
A2: PROPANE — Unit DRY-001 (Malt/Grain Dryer)
A3: Source / Unit | B3: Fuel Type | C3: Annual Quantity | D3: Unit | E3: Heat Input (MMBtu) | F3: CO2 EF (kg/MMBtu) | G3: CO2 (metric tons) | H3: Calc Method | I3: Notes / Gap Flag
A4: DRY-001 Propane Dryer | B4: Propane (LPG) | C4: 106600 | D4: gallons | E4: =C4*0.092 -> 9807.2 | F4: 62.98 | G4: =E4*F4/1000 -> 617.65746 | H4: Tier 1
A5: Propane Subtotal | C5: =C4 -> 106600 | E5: =E4 -> 9807.2 | G5: =G4 -> 617.65746
A7: DIESEL — Unit GEN-001 (Emergency Generator)
A8: Source / Unit | B8: Fuel Type | C8: Annual Quantity | D8: Unit | E8: Heat Input (MMBtu) | F8: CO2 EF (kg/MMBtu) | G8: CO2 (metric tons) | H8: Calc Method | I8: Notes / Gap Flag
A9: GEN-001 Emergency Generator | B9: Diesel (No. 2 Distillate) | C9: 2800 | D9: gallons | E9: =C9*0.1387 -> 388.36 | F9: 73.96 | G9: =E9*F9/1000 -> 28.723106 | H9: Tier 1 | I9: Clean — annual emergency use only. Unit capacity 2.5 MMBtu/hr. Method and capacity compliant.
A12: Diesel Heat Input (for Equipment Inventory ref) | E12: =E9 -> 388.36

Sheet Emissions Summary
A1: EMISSIONS SUMMARY — Scope 1 Stationary Combustion | AB Baldwinsville | 2023
A2: Source / Unit Group | B2: Fuel Type | C2: Heat Input (MMBtu) | D2: CO2 (metric tons) | E2: CH4 (metric tons) | F2: N2O (metric tons) | G2: CO2e (metric tons) ⚠ GWP-100 BASIS (NY req. GWP-20) | H2: Notes / Gap Flag
A3: Natural Gas Boilers + Diesel Generator | B3: Natural Gas / Diesel | C3: ='Natural Gas'!D15+'Propane & Diesel'!E9 -> 556588.36 | D3: ='Natural Gas'!I15+'Propane & Diesel'!G9 -> 29540.695 | E3: ='Natural Gas'!J15 -> 0.5562 | F3: ='Natural Gas'!K15 -> 0.05562 | G3: =D3+E3*28+F3*265 -> 29571.008
A4: Steam Boiler BLR-003 (Multi-Fuel) | B4: Natural Gas / Solid Biomass | C4: ='Biomass Boiler'!F15 -> 109048.6 | D4: ='Biomass Boiler'!H15 -> 5786.1187 | E4: ='Biomass Boiler'!F15*0.001/1000 -> 0.1090486 | F4: ='Biomass Boiler'!F15*0.0001/1000 -> 0.01090486 | G4: =D4+E4*28+F4*265 -> 5792.0619
A5: Propane Dryer DRY-001 | B5: Propane (LPG) | C5: ='Propane & Diesel'!E4 -> 9807.2 | D5: ='Propane & Diesel'!G4 -> 617.65746 | E5: ='Propane & Diesel'!E4*0.003/1000 -> 0.0294216 | F5: ='Propane & Diesel'!E4*0.0006/1000 -> 0.00588432 | G5: =D5+E5*28+F5*265 -> 620.04061
A6: Biogas Combustor BIO-001 | B6: Biogas (non-pipeline) | C6: 544.5 | D6: 0.0535062 | E6: 0 | F6: 0 | G6: 0.0535062
A7: Residual Fuel Oil Boiler RFO-001 | B7: Residual Fuel Oil No. 6 | C7: 3423 | D7: =C7*102.24/1000 -> 349.96752 | E7: =C7*0.000003 -> 0.010269 | F7: =C7*0.0000006 -> 0.0020538 | G7: 257.07
A8: TOTAL REPORTED SCOPE 1 (fossil CO2e) | C8: =IFERROR(SUMIF(C3:C7,"<>—",C3:C7),0) -> 679411.66 | D8: =IFERROR(SUMIF(D3:D7,"<>—",D3:D7),0) -> 36294.492 | E8: =IFERROR(SUMIF(E3:E7,"<>—",E3:E7),0) -> 0.7049392 | F8: =IFERROR(SUMIF(F3:F7,"<>—",F3:F7),0) -> 0.07446298 | G8: =IFERROR(SUMIF(G3:G7,"<>—",G3:G7),0) -> 36240.234
A9: EPA GHGRP 2023 Public Benchmark | B9: (clean baseline should approximate this) | G9: 22488
A12: UPSTREAM OUT-OF-STATE EMISSIONS (NY Part 253 §2.18) — Required for all fossil fuel MMBtu consumed
A13: Fuel Type | B13: Annual MMBtu Consumed | C13: Upstream EF (kg CO2e/MMBtu) | D13: Upstream CO2e (metric tons) | H13: Notes / Gap Flag
A16: REFERENCE — Table 2-6 Upstream Emission Factors (NY Part 253 §2.18) — for auditor use only
A17: Natural Gas | B17: 40.877 kg CO2e/MMBtu
A18: Propane (LPG) | B18: 26.474 kg CO2e/MMBtu
A19: Diesel/Distillate | B19: 23.540 kg CO2e/MMBtu
A20: Residual Fuel Oil | B20: 19.411 kg CO2e/MMBtu
